"","x"
"1",0.135
"2",0.136666666666667
"3",0.135
"4",0.136666666666667
"5",0.141666666666667
"6",0.143333333333333
"7",0.135
"8",0.136666666666667
"9",0.135
"10",0.136666666666667
"11",0.12
"12",0.118333333333333
"13",0.12
"14",0.118333333333333
"15",0.12
"16",0.118333333333333
"17",0.121666666666667
"18",0.12
"19",0.12
"20",0.118333333333333
"21",0.121666666666667
"22",0.12
"23",0.121666666666667
"24",0.12
"25",0.118333333333333
"26",0.116666666666667
"27",0.12
"28",0.118333333333333
"29",0.12
"30",0.118333333333333
"31",0.12
"32",0.118333333333333
"33",0.12
"34",0.118333333333333
"35",0.121666666666667
"36",0.12
"37",0.121666666666667
"38",0.12
"39",0.12
"40",0.118333333333333
"41",0.12
"42",0.118333333333333
"43",0.11
"44",0.111666666666667
"45",0.111666666666667
"46",0.113333333333333
"47",0.11
"48",0.111666666666667
"49",0.111666666666667
"50",0.113333333333333
"51",0.111666666666667
"52",0.113333333333333
"53",0.11
"54",0.111666666666667
"55",0.11
"56",0.111666666666667
"57",0.11
"58",0.111666666666667
"59",0.11
"60",0.111666666666667
"61",0.111666666666667
"62",0.113333333333333
"63",0.11
"64",0.111666666666667
"65",0.11
"66",0.111666666666667
"67",0.11
"68",0.111666666666667
"69",0.11
"70",0.111666666666667
"71",0.11
"72",0.111666666666667
"73",0.11
"74",0.111666666666667
"75",0.111666666666667
"76",0.113333333333333
"77",0.11
"78",0.111666666666667
"79",0.11
"80",0.111666666666667
"81",0.108333333333333
"82",0.11
"83",0.11
"84",0.111666666666667
"85",0.11
"86",0.111666666666667
"87",0.11
"88",0.111666666666667
"89",0.11
"90",0.111666666666667
"91",0.11
"92",0.111666666666667
"93",0.11
"94",0.111666666666667
"95",0.11
"96",0.111666666666667
"97",0.11
"98",0.111666666666667
"99",0.11
"100",0.111666666666667
"101",0.111666666666667
"102",0.113333333333333
"103",0.11
"104",0.111666666666667
"105",0.11
"106",0.111666666666667
"107",0.11
"108",0.111666666666667
"109",0.11
"110",0.111666666666667
"111",0.111666666666667
"112",0.113333333333333
"113",0.111666666666667
"114",0.113333333333333
"115",0.11
"116",0.111666666666667
"117",0.11
"118",0.111666666666667
"119",0.11
"120",0.111666666666667
"121",0.11
"122",0.111666666666667
"123",0.11
"124",0.111666666666667
"125",0.11
"126",0.111666666666667
"127",0.11
"128",0.111666666666667
"129",0.111666666666667
"130",0.11
"131",0.108333333333333
"132",0.11
"133",0.11
"134",0.111666666666667
"135",0.111666666666667
"136",0.113333333333333
"137",0.11
"138",0.111666666666667
"139",0.11
"140",0.111666666666667
"141",0.11
"142",0.111666666666667
"143",0.118333333333333
"144",0.12
"145",0.116666666666667
"146",0.116666666666667
"147",0.116666666666667
"148",0.116666666666667
"149",0.116666666666667
"150",0.116666666666667
"151",0.116666666666667
"152",0.116666666666667
"153",0.116666666666667
"154",0.116666666666667
"155",0.116666666666667
"156",0.116666666666667
"157",0.118333333333333
"158",0.118333333333333
"159",0.116666666666667
"160",0.116666666666667
"161",0.116666666666667
"162",0.116666666666667
"163",0.116666666666667
"164",0.116666666666667
"165",0.116666666666667
"166",0.116666666666667
"167",0.116666666666667
"168",0.116666666666667
"169",0.116666666666667
"170",0.116666666666667
"171",0.116666666666667
"172",0.116666666666667
"173",0.116666666666667
"174",0.116666666666667
"175",0.116666666666667
"176",0.116666666666667
"177",0.116666666666667
"178",0.116666666666667
"179",0.116666666666667
"180",0.116666666666667
"181",0.116666666666667
"182",0.116666666666667
"183",0.116666666666667
"184",0.116666666666667
"185",0.116666666666667
"186",0.116666666666667
"187",0.116666666666667
"188",0.116666666666667
"189",0.116666666666667
"190",0.116666666666667
"191",0.116666666666667
"192",0.116666666666667
"193",0.116666666666667
"194",0.116666666666667
"195",0.116666666666667
"196",0.116666666666667
"197",0.116666666666667
"198",0.116666666666667
"199",0.115
"200",0.116666666666667
"201",0.116666666666667
"202",0.118333333333333
"203",0.116666666666667
"204",0.118333333333333
"205",0.116666666666667
"206",0.118333333333333
"207",0.105
"208",0.106666666666667
"209",0.105
"210",0.106666666666667
"211",0.106666666666667
"212",0.108333333333333
"213",0.105
"214",0.106666666666667
"215",0.105
"216",0.106666666666667
"217",0.105
"218",0.106666666666667
"219",0.108333333333333
"220",0.11
"221",0.103333333333333
"222",0.105
"223",0.105
"224",0.106666666666667
"225",0.103333333333333
"226",0.105
"227",0.105
"228",0.106666666666667
"229",0.108333333333333
"230",0.11
"231",0.103333333333333
"232",0.105
"233",0.106666666666667
"234",0.108333333333333
"235",0.108333333333333
"236",0.11
"237",0.105
"238",0.106666666666667
"239",0.108333333333333
"240",0.11
"241",0.108333333333333
"242",0.11
"243",0.108333333333333
"244",0.11
"245",0.103333333333333
"246",0.105
"247",0.105
"248",0.106666666666667
"249",0.103333333333333
"250",0.105
"251",0.103333333333333
"252",0.105
"253",0.103333333333333
"254",0.105
"255",0.108333333333333
"256",0.11
"257",0.103333333333333
"258",0.105
"259",0.105
"260",0.106666666666667
"261",0.11
"262",0.111666666666667
"263",0.108333333333333
"264",0.11
"265",0.106666666666667
"266",0.108333333333333
"267",0.105
"268",0.106666666666667
"269",0.103333333333333
"270",0.105
"271",0.105
"272",0.106666666666667
"273",0.105
"274",0.106666666666667
"275",0.108333333333333
"276",0.11
"277",0.103333333333333
"278",0.105
"279",0.103333333333333
"280",0.105
"281",0.108333333333333
"282",0.11
"283",0.103333333333333
"284",0.105
"285",0.105
"286",0.106666666666667
"287",0.108333333333333
"288",0.11
"289",0.115
"290",0.116666666666667
"291",0.121666666666667
"292",0.123333333333333
"293",0.121666666666667
"294",0.123333333333333
"295",0.1
"296",0.101666666666667
"297",0.103333333333333
"298",0.105
"299",0.101666666666667
"300",0.103333333333333
"301",0.103333333333333
"302",0.105
"303",0.1
"304",0.101666666666667
"305",0.103333333333333
"306",0.105
"307",0.101666666666667
"308",0.103333333333333
"309",0.08
"310",0.0816666666666667
"311",0.08
"312",0.0816666666666667
"313",0.0783333333333333
"314",0.08
"315",0.0766666666666667
"316",0.0783333333333333
"317",0.08
"318",0.0816666666666667
"319",0.0816666666666667
"320",0.0833333333333333
"321",0.13
"322",0.131666666666667
"323",0.13
"324",0.131666666666667
"325",0.13
"326",0.131666666666667
"327",0.13
"328",0.131666666666667
"329",0.125
"330",0.126666666666667
"331",0.125
"332",0.126666666666667
"333",0.125
"334",0.126666666666667
"335",0.125
"336",0.126666666666667
"337",0.128333333333333
"338",0.13
"339",0.125
"340",0.126666666666667
"341",0.125
"342",0.126666666666667
"343",0.125
"344",0.126666666666667
"345",0.125
"346",0.126666666666667
"347",0.125
"348",0.126666666666667
"349",0.125
"350",0.126666666666667
"351",0.125
"352",0.126666666666667
"353",0.125
"354",0.126666666666667
"355",0.125
"356",0.126666666666667
"357",0.125
"358",0.126666666666667
"359",0.125
"360",0.126666666666667
"361",0.125
"362",0.126666666666667
"363",0.125
"364",0.126666666666667
"365",0.125
"366",0.126666666666667
"367",0.15
"368",0.151666666666667
"369",0.15
"370",0.151666666666667
"371",0.143333333333333
"372",0.141666666666667
"373",0.148333333333333
"374",0.146666666666667
"375",0.146666666666667
"376",0.145
"377",0.143333333333333
"378",0.141666666666667
"379",0.143333333333333
"380",0.141666666666667
"381",0.145
"382",0.143333333333333
"383",0.146666666666667
"384",0.145
"385",0.143333333333333
"386",0.141666666666667
"387",0.126666666666667
"388",0.126666666666667
"389",0.126666666666667
"390",0.126666666666667
"391",0.126666666666667
"392",0.126666666666667
"393",0.126666666666667
"394",0.126666666666667
"395",0.126666666666667
"396",0.126666666666667
"397",0.126666666666667
"398",0.126666666666667
"399",0.126666666666667
"400",0.126666666666667
"401",0.0683333333333333
"402",0.07
"403",0.0683333333333333
"404",0.07
"405",0.07
"406",0.0683333333333333
"407",0.14
"408",0.138333333333333
"409",0.143333333333333
"410",0.141666666666667
"411",0.141666666666667
"412",0.14
"413",0.145
"414",0.143333333333333
"415",0.14
"416",0.141666666666667
"417",0.14
"418",0.138333333333333
"419",0.14
"420",0.138333333333333
"421",0.141666666666667
"422",0.14
"423",0.14
"424",0.138333333333333
"425",0.14
"426",0.141666666666667
"427",0.141666666666667
"428",0.14
"429",0.141666666666667
"430",0.14
"431",0.14
"432",0.138333333333333
"433",0.143333333333333
"434",0.141666666666667
"435",0.141666666666667
"436",0.14
"437",0.14
"438",0.141666666666667
"439",0.143333333333333
"440",0.141666666666667
"441",0.14
"442",0.141666666666667
"443",0.14
"444",0.141666666666667
"445",0.141666666666667
"446",0.14
"447",0.143333333333333
"448",0.141666666666667
"449",0.14
"450",0.141666666666667
"451",0.141666666666667
"452",0.14
"453",0.141666666666667
"454",0.14
"455",0.141666666666667
"456",0.14
"457",0.0983333333333333
"458",0.1
"459",0.0783333333333333
"460",0.08
"461",0.08
"462",0.0816666666666667
"463",0.0816666666666667
"464",0.0833333333333333
"465",0.085
"466",0.0866666666666667
"467",0.0866666666666667
"468",0.0883333333333333
"469",0.0866666666666667
"470",0.0883333333333333
"471",0.085
"472",0.0866666666666667
"473",0.08
"474",0.0816666666666667
"475",0.0866666666666667
"476",0.0883333333333333
"477",0.0766666666666667
"478",0.0783333333333333
"479",0.0816666666666667
"480",0.0833333333333333
"481",0.0816666666666667
"482",0.0833333333333333
"483",0.13
"484",0.131666666666667
"485",0.13
"486",0.131666666666667
"487",0.13
"488",0.131666666666667
"489",0.123333333333333
"490",0.123333333333333
"491",0.125
"492",0.125
"493",0.123333333333333
"494",0.123333333333333
"495",0.116666666666667
"496",0.118333333333333
"497",0.113333333333333
"498",0.115
"499",0.116666666666667
"500",0.118333333333333
"501",0.103333333333333
"502",0.105
"503",0.103333333333333
"504",0.105
"505",0.156666666666667
"506",0.156666666666667
"507",0.165
"508",0.165
"509",0.156666666666667
"510",0.156666666666667
"511",0.156666666666667
"512",0.156666666666667
"513",0.13
"514",0.128333333333333
"515",0.133333333333333
"516",0.131666666666667
"517",0.13
"518",0.128333333333333
"519",0.131666666666667
"520",0.13
"521",0.133333333333333
"522",0.131666666666667
"523",0.131666666666667
"524",0.13
"525",0.133333333333333
"526",0.131666666666667
"527",0.133333333333333
"528",0.131666666666667
"529",0.121666666666667
"530",0.123333333333333
"531",0.121666666666667
"532",0.123333333333333
"533",0.121666666666667
"534",0.123333333333333
"535",0.095
"536",0.0966666666666667
"537",0.095
"538",0.0966666666666667
"539",0.095
"540",0.0966666666666667
"541",0.095
"542",0.0966666666666667
"543",0.095
"544",0.0966666666666667
"545",0.095
"546",0.0966666666666667
"547",0.095
"548",0.0933333333333333
"549",0.095
"550",0.0966666666666667
"551",0.095
"552",0.0966666666666667
"553",0.095
"554",0.0966666666666667
"555",0.095
"556",0.0966666666666667
"557",0.095
"558",0.0933333333333333
"559",0.095
"560",0.0933333333333333
"561",0.095
"562",0.0966666666666667
"563",0.095
"564",0.0966666666666667
"565",0.0966666666666667
"566",0.0983333333333333
"567",0.095
"568",0.0966666666666667
"569",0.095
"570",0.0933333333333333
"571",0.095
"572",0.0966666666666667
"573",0.095
"574",0.0933333333333333
"575",0.095
"576",0.0966666666666667
"577",0.0966666666666667
"578",0.095
"579",0.095
"580",0.0966666666666667
"581",0.095
"582",0.0966666666666667
"583",0.095
"584",0.0966666666666667
"585",0.095
"586",0.0933333333333333
"587",0.0966666666666667
"588",0.0983333333333333
"589",0.0933333333333333
"590",0.095
"591",0.095
"592",0.0966666666666667
"593",0.0933333333333333
"594",0.095
"595",0.095
"596",0.0933333333333333
"597",0.095
"598",0.0966666666666667
"599",0.095
"600",0.0933333333333333
"601",0.0966666666666667
"602",0.095
"603",0.095
"604",0.0966666666666667
"605",0.095
"606",0.0966666666666667
"607",0.0966666666666667
"608",0.0983333333333333
"609",0.095
"610",0.0966666666666667
"611",0.095
"612",0.0966666666666667
"613",0.095
"614",0.0966666666666667
"615",0.095
"616",0.0966666666666667
"617",0.095
"618",0.0966666666666667
"619",0.095
"620",0.0933333333333333
"621",0.0933333333333333
"622",0.095
"623",0.095
"624",0.0966666666666667
"625",0.095
"626",0.0966666666666667
"627",0.095
"628",0.0933333333333333
"629",0.095
"630",0.0933333333333333
"631",0.0966666666666667
"632",0.0983333333333333
"633",0.095
"634",0.0966666666666667
"635",0.095
"636",0.0966666666666667
"637",0.095
"638",0.0933333333333333
"639",0.095
"640",0.0966666666666667
"641",0.095
"642",0.0966666666666667
"643",0.095
"644",0.0966666666666667
"645",0.095
"646",0.0966666666666667
"647",0.0966666666666667
"648",0.0983333333333333
"649",0.095
"650",0.0966666666666667
"651",0.095
"652",0.0966666666666667
"653",0.0933333333333333
"654",0.095
"655",0.095
"656",0.0966666666666667
"657",0.095
"658",0.0966666666666667
"659",0.095
"660",0.0933333333333333
"661",0.095
"662",0.0933333333333333
"663",0.095
"664",0.0966666666666667
"665",0.095
"666",0.0966666666666667
"667",0.095
"668",0.0966666666666667
"669",0.095
"670",0.0966666666666667
"671",0.095
"672",0.0933333333333333
"673",0.095
"674",0.0966666666666667
"675",0.095
"676",0.0966666666666667
"677",0.095
"678",0.0966666666666667
"679",0.0933333333333333
"680",0.095
"681",0.095
"682",0.0933333333333333
"683",0.095
"684",0.0966666666666667
"685",0.095
"686",0.0966666666666667
"687",0.095
"688",0.0966666666666667
"689",0.095
"690",0.0966666666666667
"691",0.095
"692",0.0966666666666667
"693",0.095
"694",0.0966666666666667
"695",0.095
"696",0.0966666666666667
"697",0.095
"698",0.0966666666666667
"699",0.0966666666666667
"700",0.0983333333333333
"701",0.0966666666666667
"702",0.0983333333333333
"703",0.0933333333333333
"704",0.095
"705",0.0966666666666667
"706",0.0983333333333333
"707",0.095
"708",0.0933333333333333
"709",0.106666666666667
"710",0.108333333333333
"711",0.0833333333333333
"712",0.0816666666666667
"713",0.085
"714",0.0833333333333333
"715",0.0833333333333333
"716",0.0816666666666667
"717",0.133333333333333
"718",0.131666666666667
"719",0.133333333333333
"720",0.131666666666667
"721",0.131666666666667
"722",0.13
"723",0.075
"724",0.0766666666666667
"725",0.0783333333333333
"726",0.08
"727",0.0816666666666667
"728",0.0833333333333333
"729",0.0766666666666667
"730",0.0783333333333333
"731",0.0766666666666667
"732",0.0783333333333333
"733",0.128333333333333
"734",0.126666666666667
"735",0.13
"736",0.128333333333333
"737",0.125
"738",0.123333333333333
"739",0.128333333333333
"740",0.126666666666667
"741",0.125
"742",0.123333333333333
"743",0.128333333333333
"744",0.126666666666667
"745",0.125
"746",0.123333333333333
"747",0.128333333333333
"748",0.126666666666667
"749",0.125
"750",0.123333333333333
"751",0.125
"752",0.123333333333333
"753",0.125
"754",0.123333333333333
"755",0.128333333333333
"756",0.126666666666667
"757",0.075
"758",0.0766666666666667
"759",0.075
"760",0.0766666666666667
"761",0.0733333333333333
"762",0.075
"763",0.075
"764",0.0766666666666667
"765",0.135
"766",0.136666666666667
"767",0.135
"768",0.136666666666667
"769",0.135
"770",0.136666666666667
"771",0.135
"772",0.136666666666667
"773",0.14
"774",0.138333333333333
"775",0.135
"776",0.136666666666667
"777",0.136666666666667
"778",0.138333333333333
"779",0.133333333333333
"780",0.135
"781",0.135
"782",0.136666666666667
"783",0.135
"784",0.136666666666667
"785",0.133333333333333
"786",0.131666666666667
"787",0.133333333333333
"788",0.131666666666667
"789",0.133333333333333
"790",0.131666666666667
"791",0.128333333333333
"792",0.13
"793",0.126666666666667
"794",0.128333333333333
"795",0.123333333333333
"796",0.121666666666667
"797",0.123333333333333
"798",0.121666666666667
"799",0.103333333333333
"800",0.101666666666667
"801",0.101666666666667
"802",0.1
"803",0.105
"804",0.103333333333333
"805",0.105
"806",0.103333333333333
"807",0.1
"808",0.0983333333333333
"809",0.103333333333333
"810",0.105
"811",0.103333333333333
"812",0.105
"813",0.1
"814",0.0983333333333333
"815",0.0983333333333333
"816",0.1
"817",0.103333333333333
"818",0.105
"819",0.103333333333333
"820",0.101666666666667
"821",0.103333333333333
"822",0.105
"823",0.0966666666666667
"824",0.0983333333333333
"825",0.0983333333333333
"826",0.1
"827",0.105
"828",0.103333333333333
"829",0.103333333333333
"830",0.105
"831",0.0983333333333333
"832",0.1
"833",0.0983333333333333
"834",0.1
"835",0.0983333333333333
"836",0.1
"837",0.0983333333333333
"838",0.1
"839",0.0983333333333333
"840",0.1
"841",0.1
"842",0.101666666666667
"843",0.0966666666666667
"844",0.0983333333333333
"845",0.103333333333333
"846",0.101666666666667
"847",0.0983333333333333
"848",0.1
"849",0.0983333333333333
"850",0.1
"851",0.103333333333333
"852",0.105
"853",0.118333333333333
"854",0.116666666666667
"855",0.126666666666667
"856",0.126666666666667
"857",0.126666666666667
"858",0.126666666666667
"859",0.13
"860",0.13
"861",0.07
"862",0.0683333333333333
"863",0.07
"864",0.0683333333333333
"865",0.07
"866",0.0683333333333333
"867",0.106666666666667
"868",0.108333333333333
"869",0.105
"870",0.106666666666667
"871",0.105
"872",0.106666666666667
"873",0.106666666666667
"874",0.108333333333333
"875",0.105
"876",0.106666666666667
"877",0.105
"878",0.106666666666667
"879",0.106666666666667
"880",0.108333333333333
"881",0.106666666666667
"882",0.108333333333333
"883",0.106666666666667
"884",0.108333333333333
"885",0.106666666666667
"886",0.108333333333333
"887",0.106666666666667
"888",0.108333333333333
"889",0.105
"890",0.106666666666667
"891",0.106666666666667
"892",0.108333333333333
"893",0.106666666666667
"894",0.108333333333333
"895",0.106666666666667
"896",0.108333333333333
"897",0.106666666666667
"898",0.108333333333333
"899",0.0816666666666667
"900",0.0833333333333333
"901",0.0816666666666667
"902",0.0833333333333333
"903",0.0833333333333333
"904",0.085
"905",0.103333333333333
"906",0.105
"907",0.103333333333333
"908",0.105
"909",0.103333333333333
"910",0.105
"911",0.145
"912",0.143333333333333
"913",0.143333333333333
"914",0.141666666666667
"915",0.143333333333333
"916",0.141666666666667
"917",0.14
"918",0.141666666666667
"919",0.143333333333333
"920",0.141666666666667
"921",0.143333333333333
"922",0.141666666666667
"923",0.143333333333333
"924",0.141666666666667
"925",0.143333333333333
"926",0.141666666666667
"927",0.143333333333333
"928",0.141666666666667
"929",0.131666666666667
"930",0.13
"931",0.128333333333333
"932",0.13
"933",0.13
"934",0.128333333333333
"935",0.13
"936",0.128333333333333
"937",0.128333333333333
"938",0.13
"939",0.133333333333333
"940",0.131666666666667
"941",0.135
"942",0.133333333333333
"943",0.131666666666667
"944",0.13
"945",0.133333333333333
"946",0.131666666666667
"947",0.131666666666667
"948",0.13
"949",0.131666666666667
"950",0.13
"951",0.128333333333333
"952",0.13
"953",0.131666666666667
"954",0.13
"955",0.13
"956",0.128333333333333
"957",0.133333333333333
"958",0.131666666666667
"959",0.133333333333333
"960",0.131666666666667
"961",0.131666666666667
"962",0.13
"963",0.13
"964",0.131666666666667
"965",0.13
"966",0.128333333333333
"967",0.131666666666667
"968",0.13
"969",0.131666666666667
"970",0.13
"971",0.133333333333333
"972",0.135
"973",0.135
"974",0.133333333333333
"975",0.131666666666667
"976",0.13
"977",0.133333333333333
"978",0.131666666666667
"979",0.123333333333333
"980",0.121666666666667
"981",0.125
"982",0.123333333333333
"983",0.125
"984",0.123333333333333
"985",0.123333333333333
"986",0.121666666666667
"987",0.125
"988",0.123333333333333
"989",0.123333333333333
"990",0.121666666666667
"991",0.123333333333333
"992",0.121666666666667
"993",0.123333333333333
"994",0.121666666666667
"995",0.116666666666667
"996",0.116666666666667
"997",0.106666666666667
"998",0.108333333333333
"999",0.11
"1000",0.111666666666667
"1001",0.12
"1002",0.121666666666667
"1003",0.12
"1004",0.121666666666667
"1005",0.125
"1006",0.126666666666667
"1007",0.125
"1008",0.126666666666667
"1009",0.125
"1010",0.126666666666667
"1011",0.125
"1012",0.126666666666667
"1013",0.125
"1014",0.126666666666667
"1015",0.125
"1016",0.126666666666667
"1017",0.125
"1018",0.126666666666667
"1019",0.125
"1020",0.126666666666667
"1021",0.125
"1022",0.126666666666667
"1023",0.125
"1024",0.126666666666667
"1025",0.125
"1026",0.126666666666667
"1027",0.125
"1028",0.126666666666667
"1029",0.0766666666666667
"1030",0.0783333333333333
"1031",0.15
"1032",0.151666666666667
"1033",0.095
"1034",0.0966666666666667
"1035",0.095
"1036",0.0966666666666667
"1037",0.151666666666667
"1038",0.153333333333333
"1039",0.075
"1040",0.0766666666666667
"1041",0.135
"1042",0.136666666666667
"1043",0.128333333333333
"1044",0.128333333333333
"1045",0.13
"1046",0.13
"1047",0.13
"1048",0.13
"1049",0.13
"1050",0.13
"1051",0.128333333333333
"1052",0.128333333333333
"1053",0.106666666666667
"1054",0.108333333333333
"1055",0.105
"1056",0.106666666666667
"1057",0.106666666666667
"1058",0.108333333333333
"1059",0.106666666666667
"1060",0.108333333333333
"1061",0.106666666666667
"1062",0.108333333333333
"1063",0.105
"1064",0.106666666666667
"1065",0.08
"1066",0.0816666666666667
"1067",0.08
"1068",0.0816666666666667
"1069",0.138333333333333
"1070",0.138333333333333
"1071",0.14
"1072",0.138333333333333
"1073",0.138333333333333
"1074",0.14
"1075",0.136666666666667
"1076",0.136666666666667
"1077",0.138333333333333
"1078",0.138333333333333
"1079",0.138333333333333
"1080",0.14
"1081",0.138333333333333
"1082",0.138333333333333
"1083",0.14
"1084",0.121666666666667
"1085",0.121666666666667
"1086",0.12
"1087",0.123333333333333
"1088",0.123333333333333
"1089",0.121666666666667
"1090",0.121666666666667
"1091",0.121666666666667
"1092",0.12
"1093",0.123333333333333
"1094",0.123333333333333
"1095",0.121666666666667
"1096",0.121666666666667
"1097",0.121666666666667
"1098",0.12
"1099",0.123333333333333
"1100",0.123333333333333
"1101",0.121666666666667
"1102",0.123333333333333
"1103",0.123333333333333
"1104",0.121666666666667
"1105",0.123333333333333
"1106",0.123333333333333
"1107",0.121666666666667
"1108",0.121666666666667
"1109",0.121666666666667
"1110",0.12
"1111",0.121666666666667
"1112",0.121666666666667
"1113",0.12
"1114",0.121666666666667
"1115",0.121666666666667
"1116",0.12
"1117",0.121666666666667
"1118",0.121666666666667
"1119",0.12
"1120",0.123333333333333
"1121",0.123333333333333
"1122",0.121666666666667
"1123",0.123333333333333
"1124",0.123333333333333
"1125",0.121666666666667
"1126",0.121666666666667
"1127",0.121666666666667
"1128",0.12
"1129",0.121666666666667
"1130",0.121666666666667
"1131",0.12
"1132",0.0933333333333333
"1133",0.0933333333333333
"1134",0.095
"1135",0.0933333333333333
"1136",0.0933333333333333
"1137",0.095
"1138",0.0916666666666667
"1139",0.0916666666666667
"1140",0.0933333333333333
"1141",0.0933333333333333
"1142",0.0933333333333333
"1143",0.095
"1144",0.0933333333333333
"1145",0.0933333333333333
"1146",0.095
"1147",0.0916666666666667
"1148",0.0916666666666667
"1149",0.0933333333333333
"1150",0.0916666666666667
"1151",0.0916666666666667
"1152",0.0933333333333333
"1153",0.0916666666666667
"1154",0.0916666666666667
"1155",0.0933333333333333
"1156",0.0916666666666667
"1157",0.0916666666666667
"1158",0.0933333333333333
"1159",0.0933333333333333
"1160",0.0933333333333333
"1161",0.095
"1162",0.0916666666666667
"1163",0.0916666666666667
"1164",0.0933333333333333
"1165",0.0916666666666667
"1166",0.0916666666666667
"1167",0.0933333333333333
"1168",0.0916666666666667
"1169",0.0916666666666667
"1170",0.0933333333333333
"1171",0.0916666666666667
"1172",0.0916666666666667
"1173",0.0933333333333333
"1174",0.0916666666666667
"1175",0.0916666666666667
"1176",0.0933333333333333
"1177",0.0916666666666667
"1178",0.0916666666666667
"1179",0.0933333333333333
"1180",0.0933333333333333
"1181",0.0933333333333333
"1182",0.095
"1183",0.0916666666666667
"1184",0.0916666666666667
"1185",0.0933333333333333
"1186",0.0916666666666667
"1187",0.0916666666666667
"1188",0.0933333333333333
"1189",0.09
"1190",0.09
"1191",0.0916666666666667
"1192",0.0933333333333333
"1193",0.0933333333333333
"1194",0.095
"1195",0.0916666666666667
"1196",0.0916666666666667
"1197",0.0933333333333333
"1198",0.0916666666666667
"1199",0.0916666666666667
"1200",0.0933333333333333
"1201",0.0916666666666667
"1202",0.0916666666666667
"1203",0.0933333333333333
"1204",0.0916666666666667
"1205",0.0916666666666667
"1206",0.0933333333333333
"1207",0.0916666666666667
"1208",0.0916666666666667
"1209",0.0933333333333333
"1210",0.09
"1211",0.09
"1212",0.0916666666666667
"1213",0.0916666666666667
"1214",0.0916666666666667
"1215",0.0933333333333333
"1216",0.0916666666666667
"1217",0.0916666666666667
"1218",0.0933333333333333
"1219",0.0933333333333333
"1220",0.0933333333333333
"1221",0.095
"1222",0.0916666666666667
"1223",0.0916666666666667
"1224",0.0933333333333333
"1225",0.0916666666666667
"1226",0.0916666666666667
"1227",0.0933333333333333
"1228",0.0916666666666667
"1229",0.0916666666666667
"1230",0.0933333333333333
"1231",0.0916666666666667
"1232",0.0916666666666667
"1233",0.0933333333333333
"1234",0.0933333333333333
"1235",0.0933333333333333
"1236",0.095
"1237",0.0933333333333333
"1238",0.0933333333333333
"1239",0.095
"1240",0.0916666666666667
"1241",0.0916666666666667
"1242",0.0933333333333333
"1243",0.0916666666666667
"1244",0.0916666666666667
"1245",0.0933333333333333
"1246",0.0916666666666667
"1247",0.0916666666666667
"1248",0.0933333333333333
"1249",0.0916666666666667
"1250",0.0916666666666667
"1251",0.0933333333333333
"1252",0.0916666666666667
"1253",0.0916666666666667
"1254",0.0933333333333333
"1255",0.0916666666666667
"1256",0.0916666666666667
"1257",0.0933333333333333
"1258",0.0916666666666667
"1259",0.0916666666666667
"1260",0.0933333333333333
"1261",0.0933333333333333
"1262",0.0933333333333333
"1263",0.0916666666666667
"1264",0.0916666666666667
"1265",0.0916666666666667
"1266",0.0933333333333333
"1267",0.0916666666666667
"1268",0.0916666666666667
"1269",0.0933333333333333
"1270",0.0933333333333333
"1271",0.0933333333333333
"1272",0.095
"1273",0.0916666666666667
"1274",0.0916666666666667
"1275",0.0933333333333333
"1276",0.0916666666666667
"1277",0.0916666666666667
"1278",0.0933333333333333
"1279",0.0916666666666667
"1280",0.0916666666666667
"1281",0.0933333333333333
"1282",0.115
"1283",0.115
"1284",0.116666666666667
"1285",0.125
"1286",0.125
"1287",0.125
"1288",0.125
"1289",0.125
"1290",0.125
"1291",0.125
"1292",0.125
"1293",0.125
"1294",0.125
"1295",0.125
"1296",0.125
"1297",0.125
"1298",0.125
"1299",0.125
"1300",0.125
"1301",0.125
"1302",0.125
"1303",0.126666666666667
"1304",0.126666666666667
"1305",0.126666666666667
"1306",0.125
"1307",0.125
"1308",0.125
"1309",0.125
"1310",0.125
"1311",0.125
"1312",0.125
"1313",0.125
"1314",0.125
"1315",0.125
"1316",0.125
"1317",0.125
"1318",0.125
"1319",0.125
"1320",0.125
"1321",0.125
"1322",0.125
"1323",0.125
"1324",0.125
"1325",0.125
"1326",0.125
"1327",0.125
"1328",0.125
"1329",0.125
"1330",0.125
"1331",0.125
"1332",0.125
"1333",0.125
"1334",0.125
"1335",0.125
"1336",0.125
"1337",0.125
"1338",0.125
"1339",0.125
"1340",0.125
"1341",0.125
"1342",0.125
"1343",0.125
"1344",0.125
"1345",0.125
"1346",0.125
"1347",0.125
"1348",0.125
"1349",0.125
"1350",0.125
"1351",0.125
"1352",0.125
"1353",0.125
"1354",0.125
"1355",0.125
"1356",0.125
"1357",0.125
"1358",0.125
"1359",0.125
"1360",0.125
"1361",0.125
"1362",0.125
"1363",0.125
"1364",0.125
"1365",0.125
"1366",0.11
"1367",0.11
"1368",0.111666666666667
"1369",0.111666666666667
"1370",0.111666666666667
"1371",0.113333333333333
"1372",0.108333333333333
"1373",0.108333333333333
"1374",0.11
"1375",0.108333333333333
"1376",0.108333333333333
"1377",0.11
"1378",0.103333333333333
"1379",0.103333333333333
"1380",0.105
"1381",0.103333333333333
"1382",0.103333333333333
"1383",0.105
"1384",0.103333333333333
"1385",0.103333333333333
"1386",0.105
"1387",0.103333333333333
"1388",0.103333333333333
"1389",0.105
"1390",0.103333333333333
"1391",0.103333333333333
"1392",0.105
"1393",0.103333333333333
"1394",0.103333333333333
"1395",0.105
"1396",0.106666666666667
"1397",0.106666666666667
"1398",0.108333333333333
"1399",0.105
"1400",0.105
"1401",0.106666666666667
"1402",0.103333333333333
"1403",0.103333333333333
"1404",0.105
"1405",0.105
"1406",0.105
"1407",0.106666666666667
"1408",0.103333333333333
"1409",0.103333333333333
"1410",0.105
"1411",0.106666666666667
"1412",0.106666666666667
"1413",0.108333333333333
"1414",0.105
"1415",0.105
"1416",0.106666666666667
"1417",0.103333333333333
"1418",0.103333333333333
"1419",0.105
"1420",0.106666666666667
"1421",0.106666666666667
"1422",0.108333333333333
"1423",0.103333333333333
"1424",0.103333333333333
"1425",0.105
"1426",0.106666666666667
"1427",0.106666666666667
"1428",0.108333333333333
"1429",0.106666666666667
"1430",0.106666666666667
"1431",0.108333333333333
"1432",0.106666666666667
"1433",0.106666666666667
"1434",0.108333333333333
"1435",0.105
"1436",0.105
"1437",0.106666666666667
"1438",0.103333333333333
"1439",0.103333333333333
"1440",0.105
"1441",0.105
"1442",0.105
"1443",0.106666666666667
"1444",0.105
"1445",0.105
"1446",0.106666666666667
"1447",0.105
"1448",0.105
"1449",0.106666666666667
"1450",0.106666666666667
"1451",0.106666666666667
"1452",0.108333333333333
"1453",0.105
"1454",0.105
"1455",0.106666666666667
"1456",0.103333333333333
"1457",0.103333333333333
"1458",0.105
"1459",0.108333333333333
"1460",0.108333333333333
"1461",0.11
"1462",0.106666666666667
"1463",0.106666666666667
"1464",0.108333333333333
"1465",0.103333333333333
"1466",0.103333333333333
"1467",0.105
"1468",0.103333333333333
"1469",0.103333333333333
"1470",0.105
"1471",0.105
"1472",0.105
"1473",0.106666666666667
"1474",0.103333333333333
"1475",0.103333333333333
"1476",0.105
"1477",0.103333333333333
"1478",0.103333333333333
"1479",0.105
"1480",0.106666666666667
"1481",0.106666666666667
"1482",0.108333333333333
"1483",0.105
"1484",0.105
"1485",0.106666666666667
"1486",0.105
"1487",0.105
"1488",0.106666666666667
"1489",0.106666666666667
"1490",0.106666666666667
"1491",0.108333333333333
"1492",0.105
"1493",0.105
"1494",0.106666666666667
"1495",0.103333333333333
"1496",0.103333333333333
"1497",0.105
"1498",0.106666666666667
"1499",0.106666666666667
"1500",0.108333333333333
"1501",0.108333333333333
"1502",0.108333333333333
"1503",0.11
"1504",0.11
"1505",0.11
"1506",0.111666666666667
"1507",0.11
"1508",0.11
"1509",0.111666666666667
"1510",0.111666666666667
"1511",0.111666666666667
"1512",0.113333333333333
"1513",0.115
"1514",0.115
"1515",0.116666666666667
"1516",0.115
"1517",0.115
"1518",0.116666666666667
"1519",0.111666666666667
"1520",0.111666666666667
"1521",0.113333333333333
"1522",0.11
"1523",0.11
"1524",0.111666666666667
"1525",0.115
"1526",0.115
"1527",0.116666666666667
"1528",0.111666666666667
"1529",0.111666666666667
"1530",0.113333333333333
"1531",0.0316666666666667
"1532",0.0316666666666667
"1533",0.0333333333333333
"1534",0.0316666666666667
"1535",0.0316666666666667
"1536",0.0333333333333333
"1537",0.0316666666666667
"1538",0.0316666666666667
"1539",0.0333333333333333
"1540",0.0333333333333333
"1541",0.0333333333333333
"1542",0.035
"1543",0.0316666666666667
"1544",0.0316666666666667
"1545",0.0333333333333333
"1546",0.03
"1547",0.03
"1548",0.0316666666666667
"1549",0.126666666666667
"1550",0.126666666666667
"1551",0.128333333333333
"1552",0.126666666666667
"1553",0.126666666666667
"1554",0.128333333333333
"1555",0.126666666666667
"1556",0.126666666666667
"1557",0.128333333333333
"1558",0.126666666666667
"1559",0.126666666666667
"1560",0.128333333333333
"1561",0.125
"1562",0.125
"1563",0.126666666666667
"1564",0.125
"1565",0.125
"1566",0.126666666666667
"1567",0.125
"1568",0.125
"1569",0.126666666666667
"1570",0.125
"1571",0.125
"1572",0.126666666666667
"1573",0.128333333333333
"1574",0.128333333333333
"1575",0.13
"1576",0.125
"1577",0.125
"1578",0.126666666666667
"1579",0.125
"1580",0.125
"1581",0.126666666666667
"1582",0.125
"1583",0.125
"1584",0.126666666666667
"1585",0.125
"1586",0.125
"1587",0.126666666666667
"1588",0.125
"1589",0.125
"1590",0.126666666666667
"1591",0.125
"1592",0.125
"1593",0.126666666666667
"1594",0.125
"1595",0.125
"1596",0.126666666666667
"1597",0.125
"1598",0.125
"1599",0.126666666666667
"1600",0.125
"1601",0.125
"1602",0.126666666666667
"1603",0.125
"1604",0.125
"1605",0.126666666666667
"1606",0.125
"1607",0.125
"1608",0.126666666666667
"1609",0.125
"1610",0.125
"1611",0.126666666666667
"1612",0.125
"1613",0.125
"1614",0.126666666666667
"1615",0.125
"1616",0.125
"1617",0.126666666666667
"1618",0.148333333333333
"1619",0.148333333333333
"1620",0.15
"1621",0.148333333333333
"1622",0.148333333333333
"1623",0.15
"1624",0.131666666666667
"1625",0.131666666666667
"1626",0.13
"1627",0.138333333333333
"1628",0.138333333333333
"1629",0.136666666666667
"1630",0.136666666666667
"1631",0.136666666666667
"1632",0.135
"1633",0.131666666666667
"1634",0.131666666666667
"1635",0.13
"1636",0.131666666666667
"1637",0.131666666666667
"1638",0.13
"1639",0.135
"1640",0.135
"1641",0.133333333333333
"1642",0.136666666666667
"1643",0.136666666666667
"1644",0.135
"1645",0.135
"1646",0.135
"1647",0.133333333333333
"1648",0.12
"1649",0.12
"1650",0.12
"1651",0.12
"1652",0.12
"1653",0.12
"1654",0.12
"1655",0.12
"1656",0.12
"1657",0.12
"1658",0.12
"1659",0.12
"1660",0.12
"1661",0.12
"1662",0.12
"1663",0.12
"1664",0.12
"1665",0.12
"1666",0.12
"1667",0.12
"1668",0.12
"1669",0.143333333333333
"1670",0.143333333333333
"1671",0.141666666666667
"1672",0.146666666666667
"1673",0.146666666666667
"1674",0.145
"1675",0.145
"1676",0.145
"1677",0.143333333333333
"1678",0.148333333333333
"1679",0.148333333333333
"1680",0.146666666666667
"1681",0.143333333333333
"1682",0.143333333333333
"1683",0.145
"1684",0.143333333333333
"1685",0.143333333333333
"1686",0.141666666666667
"1687",0.143333333333333
"1688",0.143333333333333
"1689",0.141666666666667
"1690",0.145
"1691",0.145
"1692",0.143333333333333
"1693",0.143333333333333
"1694",0.143333333333333
"1695",0.141666666666667
"1696",0.143333333333333
"1697",0.143333333333333
"1698",0.145
"1699",0.145
"1700",0.145
"1701",0.143333333333333
"1702",0.145
"1703",0.145
"1704",0.143333333333333
"1705",0.143333333333333
"1706",0.143333333333333
"1707",0.141666666666667
"1708",0.146666666666667
"1709",0.146666666666667
"1710",0.145
"1711",0.145
"1712",0.145
"1713",0.143333333333333
"1714",0.143333333333333
"1715",0.143333333333333
"1716",0.145
"1717",0.146666666666667
"1718",0.146666666666667
"1719",0.145
"1720",0.143333333333333
"1721",0.143333333333333
"1722",0.145
"1723",0.143333333333333
"1724",0.143333333333333
"1725",0.145
"1726",0.145
"1727",0.145
"1728",0.143333333333333
"1729",0.146666666666667
"1730",0.146666666666667
"1731",0.145
"1732",0.143333333333333
"1733",0.143333333333333
"1734",0.145
"1735",0.145
"1736",0.145
"1737",0.143333333333333
"1738",0.145
"1739",0.145
"1740",0.143333333333333
"1741",0.145
"1742",0.145
"1743",0.143333333333333
"1744",0.1
"1745",0.1
"1746",0.101666666666667
"1747",0.04
"1748",0.04
"1749",0.0416666666666667
"1750",0.0416666666666667
"1751",0.0416666666666667
"1752",0.0433333333333333
"1753",0.045
"1754",0.045
"1755",0.0466666666666667
"1756",0.0416666666666667
"1757",0.0416666666666667
"1758",0.0433333333333333
"1759",0.0433333333333333
"1760",0.0433333333333333
"1761",0.045
"1762",0.04
"1763",0.04
"1764",0.0416666666666667
"1765",0.0416666666666667
"1766",0.0416666666666667
"1767",0.0433333333333333
"1768",0.04
"1769",0.04
"1770",0.0416666666666667
"1771",0.0433333333333333
"1772",0.0433333333333333
"1773",0.045
"1774",0.04
"1775",0.04
"1776",0.0416666666666667
"1777",0.0416666666666667
"1778",0.0416666666666667
"1779",0.0433333333333333
"1780",0.0416666666666667
"1781",0.0416666666666667
"1782",0.0433333333333333
"1783",0.121666666666667
"1784",0.121666666666667
"1785",0.123333333333333
"1786",0.121666666666667
"1787",0.121666666666667
"1788",0.123333333333333
"1789",0.121666666666667
"1790",0.121666666666667
"1791",0.123333333333333
"1792",0.12
"1793",0.12
"1794",0.12
"1795",0.121666666666667
"1796",0.121666666666667
"1797",0.121666666666667
"1798",0.118333333333333
"1799",0.118333333333333
"1800",0.118333333333333
"1801",0.128333333333333
"1802",0.128333333333333
"1803",0.13
"1804",0.13
"1805",0.13
"1806",0.131666666666667
"1807",0.128333333333333
"1808",0.128333333333333
"1809",0.13
"1810",0.1
"1811",0.1
"1812",0.101666666666667
"1813",0.1
"1814",0.1
"1815",0.101666666666667
"1816",0.141666666666667
"1817",0.141666666666667
"1818",0.141666666666667
"1819",0.146666666666667
"1820",0.146666666666667
"1821",0.146666666666667
"1822",0.141666666666667
"1823",0.141666666666667
"1824",0.141666666666667
"1825",0.141666666666667
"1826",0.141666666666667
"1827",0.141666666666667
"1828",0.0683333333333333
"1829",0.0683333333333333
"1830",0.07
"1831",0.07
"1832",0.07
"1833",0.0683333333333333
"1834",0.12
"1835",0.12
"1836",0.118333333333333
"1837",0.123333333333333
"1838",0.123333333333333
"1839",0.121666666666667
"1840",0.12
"1841",0.12
"1842",0.118333333333333
"1843",0.121666666666667
"1844",0.121666666666667
"1845",0.12
"1846",0.123333333333333
"1847",0.123333333333333
"1848",0.121666666666667
"1849",0.121666666666667
"1850",0.121666666666667
"1851",0.12
"1852",0.123333333333333
"1853",0.123333333333333
"1854",0.121666666666667
"1855",0.123333333333333
"1856",0.123333333333333
"1857",0.121666666666667
"1858",0.126666666666667
"1859",0.126666666666667
"1860",0.128333333333333
"1861",0.12
"1862",0.12
"1863",0.121666666666667
"1864",0.12
"1865",0.12
"1866",0.121666666666667
"1867",0.0916666666666667
"1868",0.0916666666666667
"1869",0.0933333333333333
"1870",0.0916666666666667
"1871",0.0916666666666667
"1872",0.0933333333333333
"1873",0.0916666666666667
"1874",0.0916666666666667
"1875",0.0933333333333333
"1876",0.0916666666666667
"1877",0.0916666666666667
"1878",0.0933333333333333
"1879",0.0916666666666667
"1880",0.0916666666666667
"1881",0.0933333333333333
"1882",0.0916666666666667
"1883",0.0916666666666667
"1884",0.0933333333333333
"1885",0.0916666666666667
"1886",0.0916666666666667
"1887",0.09
"1888",0.0916666666666667
"1889",0.0916666666666667
"1890",0.0933333333333333
"1891",0.0916666666666667
"1892",0.0916666666666667
"1893",0.0933333333333333
"1894",0.0916666666666667
"1895",0.0916666666666667
"1896",0.0933333333333333
"1897",0.0933333333333333
"1898",0.0933333333333333
"1899",0.095
"1900",0.0916666666666667
"1901",0.0916666666666667
"1902",0.09
"1903",0.0916666666666667
"1904",0.0916666666666667
"1905",0.09
"1906",0.09
"1907",0.09
"1908",0.0916666666666667
"1909",0.0916666666666667
"1910",0.0916666666666667
"1911",0.0933333333333333
"1912",0.0916666666666667
"1913",0.0916666666666667
"1914",0.0933333333333333
"1915",0.0916666666666667
"1916",0.0916666666666667
"1917",0.0933333333333333
"1918",0.0916666666666667
"1919",0.0916666666666667
"1920",0.09
"1921",0.0916666666666667
"1922",0.0916666666666667
"1923",0.0933333333333333
"1924",0.0916666666666667
"1925",0.0916666666666667
"1926",0.09
"1927",0.0916666666666667
"1928",0.0916666666666667
"1929",0.0933333333333333
"1930",0.0916666666666667
"1931",0.0916666666666667
"1932",0.09
"1933",0.0916666666666667
"1934",0.0916666666666667
"1935",0.0933333333333333
"1936",0.0933333333333333
"1937",0.0933333333333333
"1938",0.095
"1939",0.0916666666666667
"1940",0.0916666666666667
"1941",0.0933333333333333
"1942",0.0916666666666667
"1943",0.0916666666666667
"1944",0.09
"1945",0.09
"1946",0.09
"1947",0.0916666666666667
"1948",0.09
"1949",0.09
"1950",0.0916666666666667
"1951",0.0933333333333333
"1952",0.0933333333333333
"1953",0.095
"1954",0.0933333333333333
"1955",0.0933333333333333
"1956",0.095
"1957",0.0916666666666667
"1958",0.0916666666666667
"1959",0.09
"1960",0.0916666666666667
"1961",0.0916666666666667
"1962",0.0933333333333333
"1963",0.0916666666666667
"1964",0.0916666666666667
"1965",0.09
"1966",0.0933333333333333
"1967",0.0933333333333333
"1968",0.0916666666666667
"1969",0.0916666666666667
"1970",0.0916666666666667
"1971",0.0933333333333333
"1972",0.0916666666666667
"1973",0.0916666666666667
"1974",0.0933333333333333
"1975",0.09
"1976",0.09
"1977",0.0916666666666667
"1978",0.0916666666666667
"1979",0.0916666666666667
"1980",0.0933333333333333
"1981",0.0916666666666667
"1982",0.0916666666666667
"1983",0.0933333333333333
"1984",0.0916666666666667
"1985",0.0916666666666667
"1986",0.0933333333333333
"1987",0.0916666666666667
"1988",0.0916666666666667
"1989",0.0933333333333333
"1990",0.0933333333333333
"1991",0.0933333333333333
"1992",0.095
"1993",0.0916666666666667
"1994",0.0916666666666667
"1995",0.09
"1996",0.09
"1997",0.09
"1998",0.0916666666666667
"1999",0.0916666666666667
"2000",0.0916666666666667
"2001",0.0933333333333333
"2002",0.09
"2003",0.09
"2004",0.0916666666666667
"2005",0.0916666666666667
"2006",0.0916666666666667
"2007",0.09
"2008",0.0916666666666667
"2009",0.0916666666666667
"2010",0.09
"2011",0.09
"2012",0.09
"2013",0.0916666666666667
"2014",0.0916666666666667
"2015",0.0916666666666667
"2016",0.0933333333333333
"2017",0.0916666666666667
"2018",0.0916666666666667
"2019",0.0933333333333333
"2020",0.0916666666666667
"2021",0.0916666666666667
"2022",0.09
"2023",0.0916666666666667
"2024",0.0916666666666667
"2025",0.0933333333333333
"2026",0.0916666666666667
"2027",0.0916666666666667
"2028",0.0933333333333333
"2029",0.09
"2030",0.09
"2031",0.0916666666666667
"2032",0.09
"2033",0.09
"2034",0.0916666666666667
"2035",0.09
"2036",0.09
"2037",0.0916666666666667
"2038",0.0916666666666667
"2039",0.0916666666666667
"2040",0.0933333333333333
"2041",0.0916666666666667
"2042",0.0916666666666667
"2043",0.0933333333333333
"2044",0.0933333333333333
"2045",0.0933333333333333
"2046",0.095
"2047",0.0916666666666667
"2048",0.0916666666666667
"2049",0.0933333333333333
"2050",0.0933333333333333
"2051",0.0933333333333333
"2052",0.095
"2053",0.0916666666666667
"2054",0.0916666666666667
"2055",0.09
"2056",0.0916666666666667
"2057",0.0916666666666667
"2058",0.09
"2059",0.0916666666666667
"2060",0.0916666666666667
"2061",0.0933333333333333
"2062",0.09
"2063",0.09
"2064",0.0916666666666667
"2065",0.0916666666666667
"2066",0.0916666666666667
"2067",0.0933333333333333
"2068",0.0916666666666667
"2069",0.0916666666666667
"2070",0.0933333333333333
"2071",0.0916666666666667
"2072",0.0916666666666667
"2073",0.09
"2074",0.0933333333333333
"2075",0.0933333333333333
"2076",0.095
"2077",0.0916666666666667
"2078",0.0916666666666667
"2079",0.0933333333333333
"2080",0.0916666666666667
"2081",0.0916666666666667
"2082",0.0933333333333333
"2083",0.0933333333333333
"2084",0.0933333333333333
"2085",0.095
"2086",0.0916666666666667
"2087",0.0916666666666667
"2088",0.09
"2089",0.0916666666666667
"2090",0.0916666666666667
"2091",0.0933333333333333
"2092",0.0916666666666667
"2093",0.0916666666666667
"2094",0.0933333333333333
"2095",0.0916666666666667
"2096",0.0916666666666667
"2097",0.0933333333333333
"2098",0.0916666666666667
"2099",0.0916666666666667
"2100",0.0933333333333333
"2101",0.0916666666666667
"2102",0.0916666666666667
"2103",0.0933333333333333
"2104",0.09
"2105",0.09
"2106",0.0916666666666667
"2107",0.0916666666666667
"2108",0.0916666666666667
"2109",0.0933333333333333
"2110",0.0916666666666667
"2111",0.0916666666666667
"2112",0.0933333333333333
"2113",0.09
"2114",0.09
"2115",0.0916666666666667
"2116",0.0933333333333333
"2117",0.0933333333333333
"2118",0.095
"2119",0.0933333333333333
"2120",0.0933333333333333
"2121",0.095
"2122",0.0916666666666667
"2123",0.0916666666666667
"2124",0.0933333333333333
"2125",0.0916666666666667
"2126",0.0916666666666667
"2127",0.09
"2128",0.095
"2129",0.095
"2130",0.0966666666666667
"2131",0.0916666666666667
"2132",0.0916666666666667
"2133",0.09
"2134",0.0916666666666667
"2135",0.0916666666666667
"2136",0.09
"2137",0.0916666666666667
"2138",0.0916666666666667
"2139",0.09
"2140",0.138333333333333
"2141",0.138333333333333
"2142",0.136666666666667
"2143",0.14
"2144",0.14
"2145",0.138333333333333
"2146",0.136666666666667
"2147",0.136666666666667
"2148",0.135
"2149",0.0416666666666667
"2150",0.0416666666666667
"2151",0.0433333333333333
"2152",0.0383333333333333
"2153",0.0383333333333333
"2154",0.04
"2155",0.0416666666666667
"2156",0.0416666666666667
"2157",0.0433333333333333
"2158",0.04
"2159",0.04
"2160",0.0416666666666667
"2161",0.04
"2162",0.04
"2163",0.0416666666666667
"2164",0.125
"2165",0.125
"2166",0.123333333333333
"2167",0.126666666666667
"2168",0.126666666666667
"2169",0.125
"2170",0.126666666666667
"2171",0.126666666666667
"2172",0.125
"2173",0.125
"2174",0.125
"2175",0.123333333333333
"2176",0.126666666666667
"2177",0.126666666666667
"2178",0.125
"2179",0.125
"2180",0.125
"2181",0.123333333333333
"2182",0.126666666666667
"2183",0.126666666666667
"2184",0.125
"2185",0.125
"2186",0.125
"2187",0.123333333333333
"2188",0.126666666666667
"2189",0.126666666666667
"2190",0.125
"2191",0.126666666666667
"2192",0.126666666666667
"2193",0.125
"2194",0.126666666666667
"2195",0.126666666666667
"2196",0.125
"2197",0.125
"2198",0.125
"2199",0.123333333333333
"2200",0.0283333333333333
"2201",0.0283333333333333
"2202",0.03
"2203",0.0283333333333333
"2204",0.0283333333333333
"2205",0.03
"2206",0.0283333333333333
"2207",0.0283333333333333
"2208",0.03
"2209",0.0283333333333333
"2210",0.0283333333333333
"2211",0.03
"2212",0.13
"2213",0.13
"2214",0.131666666666667
"2215",0.13
"2216",0.13
"2217",0.131666666666667
"2218",0.13
"2219",0.13
"2220",0.131666666666667
"2221",0.13
"2222",0.13
"2223",0.131666666666667
"2224",0.131666666666667
"2225",0.131666666666667
"2226",0.13
"2227",0.13
"2228",0.13
"2229",0.131666666666667
"2230",0.131666666666667
"2231",0.131666666666667
"2232",0.133333333333333
"2233",0.131666666666667
"2234",0.131666666666667
"2235",0.133333333333333
"2236",0.133333333333333
"2237",0.133333333333333
"2238",0.135
"2239",0.13
"2240",0.13
"2241",0.131666666666667
"2242",0.136666666666667
"2243",0.136666666666667
"2244",0.135
"2245",0.136666666666667
"2246",0.136666666666667
"2247",0.135
"2248",0.136666666666667
"2249",0.136666666666667
"2250",0.135
"2251",0.13
"2252",0.13
"2253",0.131666666666667
"2254",0.13
"2255",0.13
"2256",0.131666666666667
"2257",0.126666666666667
"2258",0.126666666666667
"2259",0.125
"2260",0.126666666666667
"2261",0.126666666666667
"2262",0.125
"2263",0.0983333333333333
"2264",0.0983333333333333
"2265",0.0966666666666667
"2266",0.1
"2267",0.1
"2268",0.0983333333333333
"2269",0.0966666666666667
"2270",0.0966666666666667
"2271",0.095
"2272",0.0966666666666667
"2273",0.0966666666666667
"2274",0.095
"2275",0.101666666666667
"2276",0.101666666666667
"2277",0.1
"2278",0.095
"2279",0.095
"2280",0.0966666666666667
"2281",0.095
"2282",0.095
"2283",0.0966666666666667
"2284",0.101666666666667
"2285",0.101666666666667
"2286",0.1
"2287",0.0983333333333333
"2288",0.0983333333333333
"2289",0.1
"2290",0.095
"2291",0.095
"2292",0.0966666666666667
"2293",0.0983333333333333
"2294",0.0983333333333333
"2295",0.0966666666666667
"2296",0.095
"2297",0.095
"2298",0.0966666666666667
"2299",0.0983333333333333
"2300",0.0983333333333333
"2301",0.1
"2302",0.1
"2303",0.1
"2304",0.101666666666667
"2305",0.0966666666666667
"2306",0.0966666666666667
"2307",0.095
"2308",0.095
"2309",0.095
"2310",0.0966666666666667
"2311",0.0983333333333333
"2312",0.0983333333333333
"2313",0.1
"2314",0.0983333333333333
"2315",0.0983333333333333
"2316",0.1
"2317",0.1
"2318",0.1
"2319",0.101666666666667
"2320",0.0983333333333333
"2321",0.0983333333333333
"2322",0.1
"2323",0.0983333333333333
"2324",0.0983333333333333
"2325",0.1
"2326",0.1
"2327",0.1
"2328",0.101666666666667
"2329",0.0983333333333333
"2330",0.0983333333333333
"2331",0.1
"2332",0.0983333333333333
"2333",0.0983333333333333
"2334",0.0966666666666667
"2335",0.0983333333333333
"2336",0.0983333333333333
"2337",0.1
"2338",0.0983333333333333
"2339",0.0983333333333333
"2340",0.1
"2341",0.095
"2342",0.095
"2343",0.0966666666666667
"2344",0.12
"2345",0.12
"2346",0.118333333333333
"2347",0.121666666666667
"2348",0.121666666666667
"2349",0.121666666666667
"2350",0.123333333333333
"2351",0.123333333333333
"2352",0.123333333333333
"2353",0.12
"2354",0.12
"2355",0.12
"2356",0.00333333333333333
"2357",0.00333333333333333
"2358",0.00166666666666667
"2359",0.00333333333333333
"2360",0.00333333333333333
"2361",0.00166666666666667
"2362",0.00333333333333333
"2363",0.00333333333333333
"2364",0.00166666666666667
"2365",0.103333333333333
"2366",0.103333333333333
"2367",0.105
"2368",0.101666666666667
"2369",0.101666666666667
"2370",0.103333333333333
"2371",0.101666666666667
"2372",0.101666666666667
"2373",0.103333333333333
"2374",0.103333333333333
"2375",0.103333333333333
"2376",0.105
"2377",0.101666666666667
"2378",0.101666666666667
"2379",0.103333333333333
"2380",0.101666666666667
"2381",0.101666666666667
"2382",0.103333333333333
"2383",0.103333333333333
"2384",0.103333333333333
"2385",0.105
"2386",0.103333333333333
"2387",0.103333333333333
"2388",0.105
"2389",0.103333333333333
"2390",0.103333333333333
"2391",0.105
"2392",0.103333333333333
"2393",0.103333333333333
"2394",0.105
"2395",0.103333333333333
"2396",0.103333333333333
"2397",0.105
"2398",0.101666666666667
"2399",0.101666666666667
"2400",0.103333333333333
"2401",0.103333333333333
"2402",0.103333333333333
"2403",0.105
"2404",0.103333333333333
"2405",0.103333333333333
"2406",0.105
"2407",0.103333333333333
"2408",0.103333333333333
"2409",0.105
"2410",0.103333333333333
"2411",0.103333333333333
"2412",0.105
"2413",0.0416666666666667
"2414",0.0416666666666667
"2415",0.0433333333333333
"2416",0.0433333333333333
"2417",0.0433333333333333
"2418",0.045
"2419",0.0433333333333333
"2420",0.0433333333333333
"2421",0.045
"2422",0.0966666666666667
"2423",0.0966666666666667
"2424",0.0983333333333333
"2425",0.0966666666666667
"2426",0.0966666666666667
"2427",0.0983333333333333
"2428",0.0966666666666667
"2429",0.0966666666666667
"2430",0.0983333333333333
"2431",0.133333333333333
"2432",0.133333333333333
"2433",0.131666666666667
"2434",0.133333333333333
"2435",0.133333333333333
"2436",0.131666666666667
"2437",0.133333333333333
"2438",0.133333333333333
"2439",0.131666666666667
"2440",0.133333333333333
"2441",0.133333333333333
"2442",0.135
"2443",0.133333333333333
"2444",0.133333333333333
"2445",0.131666666666667
"2446",0.133333333333333
"2447",0.133333333333333
"2448",0.131666666666667
"2449",0.133333333333333
"2450",0.133333333333333
"2451",0.131666666666667
"2452",0.133333333333333
"2453",0.133333333333333
"2454",0.131666666666667
"2455",0.133333333333333
"2456",0.133333333333333
"2457",0.131666666666667
"2458",0.13
"2459",0.13
"2460",0.128333333333333
"2461",0.13
"2462",0.13
"2463",0.131666666666667
"2464",0.131666666666667
"2465",0.131666666666667
"2466",0.13
"2467",0.131666666666667
"2468",0.131666666666667
"2469",0.13
"2470",0.13
"2471",0.13
"2472",0.131666666666667
"2473",0.131666666666667
"2474",0.131666666666667
"2475",0.13
"2476",0.133333333333333
"2477",0.133333333333333
"2478",0.131666666666667
"2479",0.131666666666667
"2480",0.131666666666667
"2481",0.13
"2482",0.131666666666667
"2483",0.131666666666667
"2484",0.13
"2485",0.13
"2486",0.13
"2487",0.128333333333333
"2488",0.13
"2489",0.13
"2490",0.128333333333333
"2491",0.13
"2492",0.13
"2493",0.131666666666667
"2494",0.13
"2495",0.13
"2496",0.128333333333333
"2497",0.126666666666667
"2498",0.126666666666667
"2499",0.125
"2500",0.128333333333333
"2501",0.128333333333333
"2502",0.126666666666667
"2503",0.128333333333333
"2504",0.128333333333333
"2505",0.126666666666667
"2506",0.126666666666667
"2507",0.126666666666667
"2508",0.125
"2509",0.125
"2510",0.125
"2511",0.126666666666667
"2512",0.125
"2513",0.125
"2514",0.123333333333333
"2515",0.126666666666667
"2516",0.126666666666667
"2517",0.125
"2518",0.126666666666667
"2519",0.126666666666667
"2520",0.125
"2521",0.126666666666667
"2522",0.126666666666667
"2523",0.128333333333333
"2524",0.128333333333333
"2525",0.128333333333333
"2526",0.126666666666667
"2527",0.126666666666667
"2528",0.126666666666667
"2529",0.125
"2530",0.126666666666667
"2531",0.126666666666667
"2532",0.125
"2533",0.13
"2534",0.13
"2535",0.128333333333333
"2536",0.131666666666667
"2537",0.131666666666667
"2538",0.13
"2539",0.131666666666667
"2540",0.131666666666667
"2541",0.13
"2542",0.13
"2543",0.13
"2544",0.128333333333333
"2545",0.131666666666667
"2546",0.131666666666667
"2547",0.13
"2548",0.133333333333333
"2549",0.133333333333333
"2550",0.131666666666667
"2551",0.13
"2552",0.13
"2553",0.128333333333333
"2554",0.13
"2555",0.13
"2556",0.128333333333333
"2557",0.125
"2558",0.125
"2559",0.125
"2560",0.101666666666667
"2561",0.101666666666667
"2562",0.103333333333333
"2563",0.111666666666667
"2564",0.111666666666667
"2565",0.113333333333333
"2566",0.116666666666667
"2567",0.116666666666667
"2568",0.118333333333333
"2569",0.116666666666667
"2570",0.116666666666667
"2571",0.118333333333333
"2572",0.125
"2573",0.125
"2574",0.126666666666667
"2575",0.125
"2576",0.125
"2577",0.126666666666667
"2578",0.125
"2579",0.125
"2580",0.126666666666667
"2581",0.125
"2582",0.125
"2583",0.126666666666667
"2584",0.125
"2585",0.125
"2586",0.126666666666667
"2587",0.125
"2588",0.125
"2589",0.126666666666667
"2590",0.125
"2591",0.125
"2592",0.126666666666667
"2593",0.125
"2594",0.125
"2595",0.126666666666667
"2596",0.125
"2597",0.125
"2598",0.126666666666667
"2599",0.123333333333333
"2600",0.123333333333333
"2601",0.125
"2602",0.125
"2603",0.125
"2604",0.126666666666667
"2605",0.125
"2606",0.125
"2607",0.126666666666667
"2608",0.04
"2609",0.04
"2610",0.0416666666666667
"2611",0.128333333333333
"2612",0.128333333333333
"2613",0.13
"2614",0.0983333333333333
"2615",0.0983333333333333
"2616",0.1
"2617",0.0983333333333333
"2618",0.0983333333333333
"2619",0.1
"2620",0.13
"2621",0.13
"2622",0.131666666666667
"2623",0.0283333333333333
"2624",0.0283333333333333
"2625",0.03
"2626",0.13
"2627",0.13
"2628",0.131666666666667
"2629",0.123333333333333
"2630",0.123333333333333
"2631",0.123333333333333
"2632",0.12
"2633",0.12
"2634",0.12
"2635",0.12
"2636",0.12
"2637",0.12
"2638",0.123333333333333
"2639",0.123333333333333
"2640",0.123333333333333
"2641",0.123333333333333
"2642",0.123333333333333
"2643",0.123333333333333
"2644",0.103333333333333
"2645",0.103333333333333
"2646",0.105
"2647",0.101666666666667
"2648",0.101666666666667
"2649",0.103333333333333
"2650",0.103333333333333
"2651",0.103333333333333
"2652",0.105
"2653",0.103333333333333
"2654",0.103333333333333
"2655",0.105
"2656",0.103333333333333
"2657",0.103333333333333
"2658",0.105
"2659",0.101666666666667
"2660",0.101666666666667
"2661",0.103333333333333
"2662",0.0416666666666667
"2663",0.0416666666666667
"2664",0.0433333333333333
"2665",0.0416666666666667
"2666",0.0416666666666667
"2667",0.0433333333333333
